Sample,Original_Prediction,Original_Confidence,Counterfactual_Found,Feature,Old_Value,New_Value,Target_Probability,Probability_Change,SHAP_Importance
0,-1,1.0,False,,,,,,
1,-1,0.995,False,,,,,,
2,1,0.9975,False,,,,,,
3,-1,1.0,False,,,,,,
4,-1,0.9725,False,,,,,,
5,1,0.99,False,,,,,,
6,1,0.995,True,Links_in_tags,1.0,-1.0,0.5770374029565205,0.5720374029565205,0.20077668462887982
7,1,1.0,False,,,,,,
8,1,0.6549166666666666,True,age_of_domain,1.0,-1.0,0.8774999999999998,0.5324166666666664,0.07874269552387936
9,-1,0.86875,True,Links_in_tags,-1.0,1.0,0.51025,0.379,0.15343777426295177
10,1,0.9821785714285715,True,Prefix_Suffix,1.0,-1.0,0.5806805555555555,0.5628591269841271,0.3232051531246554
11,1,0.8521666666666667,True,Links_in_tags,0.0,-1.0,0.8295833333333333,0.6817499999999999,0.13431673665431035
12,1,0.99,True,Request_URL,1.0,-1.0,0.9610119047619048,0.9510119047619048,0.16777870735195463
13,1,0.9405416666666667,True,Request_URL,1.0,-1.0,0.5905,0.5310416666666667,0.12539531115971253
14,1,0.7908253968253968,True,SFH,1.0,-1.0,0.7709484126984126,0.5617738095238095,0.11407314928846309
15,1,0.8328719336219333,True,URL_Length,1.0,-1.0,0.7503045979412671,0.5831765315632005,0.07930204986409307
16,1,1.0,True,Request_URL,1.0,-1.0,0.94125,0.94125,0.17558362203523412
17,-1,1.0,True,Prefix_Suffix,-1.0,1.0,0.5837499999999999,0.5837499999999999,0.04832760128817314
18,-1,0.885,True,Links_in_tags,-1.0,1.0,0.8903333333333333,0.7753333333333333,0.3110494940841718
19,1,1.0,False,,,,,,
20,1,1.0,False,,,,,,
21,-1,0.6656785714285715,True,having_Sub_Domain,-1.0,1.0,0.9804166666666666,0.646095238095238,0.18411349008075256
22,-1,0.8262619047619048,True,Links_in_tags,-1.0,1.0,0.7923484848484849,0.6186103896103897,0.23145861973768286
23,-1,0.98,True,Prefix_Suffix,-1.0,1.0,0.805,0.785,0.05650882683890518
24,1,1.0,False,,,,,,
25,-1,0.9023214285714286,True,Prefix_Suffix,-1.0,1.0,0.7135416666666667,0.6158630952380953,0.04885309873464431
26,1,0.991,True,Links_in_tags,1.0,-1.0,0.8144166666666669,0.8054166666666669,0.2316223077710607
27,-1,1.0,False,,,,,,
28,-1,1.0,True,Prefix_Suffix,-1.0,1.0,0.5983293650793651,0.5983293650793651,0.0644018226217707
29,1,0.9530128205128204,True,Links_in_tags,1.0,-1.0,0.9116666666666666,0.8646794871794871,0.2791871788705073
30,1,1.0,True,Request_URL,1.0,-1.0,0.6854767690814514,0.6854767690814514,0.1606631363054438
31,1,0.8855833333333334,True,having_Sub_Domain,1.0,0.0,0.6277261904761905,0.5133095238095239,0.14821071529338883
32,-1,0.9933333333333333,True,Prefix_Suffix,-1.0,1.0,0.500375,0.4937083333333333,0.04408517094384782
33,-1,0.955,False,,,,,,
34,1,0.8891666666666667,True,Request_URL,1.0,-1.0,0.9536904761904762,0.8428571428571429,0.19183359302536107
35,-1,0.9675,True,Links_in_tags,-1.0,1.0,0.7545833333333333,0.7220833333333333,0.2738667351288026
36,1,0.99,False,,,,,,
37,-1,0.6173571428571428,True,Links_in_tags,-1.0,1.0,0.9399166666666667,0.5572738095238096,0.2769522465636471
38,1,0.949154761904762,True,Links_in_tags,0.0,-1.0,0.6741507936507938,0.6233055555555557,0.11754186386782285
39,1,0.8575,True,Links_in_tags,0.0,-1.0,0.6546666666666667,0.5121666666666668,0.12341773480100554
40,-1,0.8817040043290043,True,Prefix_Suffix,-1.0,1.0,1.0,0.8817040043290043,0.08023381693176984
41,1,0.9976666666666667,True,Links_in_tags,1.0,-1.0,0.7416847403327662,0.7393514069994329,0.2804439389298852
42,1,0.6789960317460314,True,Prefix_Suffix,1.0,-1.0,0.7564027777777776,0.4353988095238094,0.31830743602926526
43,1,1.0,True,Request_URL,1.0,-1.0,0.5272757936507936,0.5272757936507936,0.13664639479443821
44,-1,1.0,False,,,,,,
45,1,0.5100595238095238,True,Links_in_tags,0.0,-1.0,0.7518095238095239,0.26186904761904783,0.006544007206682972
46,-1,0.9570833333333333,True,Links_in_tags,-1.0,1.0,0.912,0.8690833333333334,0.34064003325141523
47,1,1.0,False,,,,,,
48,1,0.9825,False,,,,,,
49,-1,0.9933333333333333,True,Prefix_Suffix,-1.0,1.0,0.500375,0.4937083333333333,0.04408517094384782
50,1,0.9579559884559885,False,,,,,,
51,1,0.9975,False,,,,,,
52,1,1.0,False,,,,,,
53,1,0.9525,True,Links_in_tags,1.0,-1.0,0.893,0.8455,0.27245947247793695
54,-1,1.0,True,Request_URL,-1.0,1.0,0.5843630952380952,0.5843630952380952,0.22425858091024004
55,1,1.0,False,,,,,,
56,-1,1.0,False,,,,,,
57,-1,1.0,False,,,,,,
58,1,0.9533333333333333,False,,,,,,
59,1,0.9625,False,,,,,,
60,1,0.818547619047619,True,web_traffic,1.0,0.0,0.96,0.7785476190476189,0.10335788972973395
61,1,0.9398214285714285,False,,,,,,
62,-1,1.0,True,Links_in_tags,-1.0,1.0,0.5232023809523808,0.5232023809523808,0.18784999351436282
63,1,1.0,False,,,,,,
64,1,0.995,False,,,,,,
65,1,0.9983333333333333,False,,,,,,
66,-1,0.59625,True,having_IP_Address,-1.0,1.0,0.712875,0.309125,0.04357014023293753
67,1,0.985,True,Links_in_tags,0.0,-1.0,0.6220833333333333,0.6070833333333333,0.12123154418029096
68,-1,0.995,False,,,,,,
69,1,1.0,True,Request_URL,1.0,-1.0,0.6854767690814512,0.6854767690814512,0.1606631363054438
70,1,1.0,True,Links_in_tags,1.0,-1.0,0.8349166666666668,0.8349166666666668,0.22713805961839645
71,-1,1.0,True,Prefix_Suffix,-1.0,1.0,0.5983293650793651,0.5983293650793651,0.0644018226217707
72,1,1.0,True,Prefix_Suffix,1.0,-1.0,0.9310833333333334,0.9310833333333334,0.4218746883673297
73,-1,0.995,True,Request_URL,-1.0,1.0,0.5844345238095238,0.5794345238095238,0.21117138960333592
74,1,1.0,False,,,,,,
75,1,0.5475992063492063,True,SSLfinal_State,1.0,0.0,0.7305000000000001,0.2780992063492066,0.08217510386896787
76,1,1.0,False,,,,,,
77,-1,0.9693333333333334,True,Links_in_tags,-1.0,0.0,0.99875,0.9680833333333334,0.3277478903190516
78,-1,0.8500823204573206,True,Links_in_tags,-1.0,1.0,1.0,0.8500823204573202,0.30664105345196585
79,1,0.9377738095238095,False,,,,,,
80,-1,0.9310833333333335,True,Prefix_Suffix,-1.0,1.0,1.0,0.9310833333333335,0.07123135973877377
81,1,0.9916666666666666,False,,,,,,
82,-1,0.9570833333333333,True,Prefix_Suffix,-1.0,1.0,0.5795833333333333,0.5366666666666666,0.05778195939273139
83,1,1.0,True,having_Sub_Domain,1.0,-1.0,0.7503045979412671,0.7503045979412671,0.12677172067344217
84,1,0.88,True,Prefix_Suffix,1.0,-1.0,0.89125,0.77125,0.396364658214975
85,-1,0.9925,True,Prefix_Suffix,-1.0,1.0,0.5185,0.511,0.04431677405421657
86,-1,0.505,True,Request_URL,-1.0,1.0,0.889,0.394,0.19825525052101947
87,-1,1.0,False,,,,,,
88,1,0.9966666666666667,True,Links_in_tags,1.0,-1.0,0.8501785714285713,0.846845238095238,0.3060779328595141
89,1,0.7651518759018759,True,Request_URL,1.0,-1.0,0.6588611111111112,0.42401298701298706,0.12636440810550978
90,-1,1.0,True,Prefix_Suffix,-1.0,1.0,0.555,0.555,0.04053903944779293
91,1,0.9938333333333332,True,Links_in_tags,1.0,-1.0,0.9911975524475524,0.9850308857808856,0.34275005405205294
92,-1,0.9491666666666666,False,,,,,,
93,-1,0.5181507936507938,True,SSLfinal_State,-1.0,1.0,0.8087261904761907,0.3268769841269844,0.1302027480990487
94,1,0.7250654761904761,True,Links_in_tags,0.0,-1.0,0.96875,0.6938154761904761,0.12299056182148238
95,-1,0.995,True,Request_URL,-1.0,1.0,0.94625,0.94125,0.281257543096291
96,1,0.7416448412698412,True,Request_URL,1.0,-1.0,0.9785,0.7201448412698409,0.19126827209579658
97,-1,0.794,True,Links_in_tags,-1.0,0.0,0.7308333333333334,0.5248333333333335,0.26987277669540405
98,1,0.7529224386724384,True,Links_in_tags,1.0,-1.0,0.8223075396825398,0.5752299783549781,0.22787104606081068
99,-1,0.99,True,Links_in_tags,-1.0,1.0,0.8061666666666667,0.7961666666666667,0.3102853317327141
100,-1,0.6837440476190476,True,Prefix_Suffix,-1.0,1.0,0.7385892857142856,0.4223333333333332,0.05446255052697379
101,1,0.995,True,Links_in_tags,1.0,-1.0,0.5860238095238096,0.5810238095238096,0.2269109695189554
102,1,0.6464384920634921,True,Links_in_tags,0.0,-1.0,0.9135833333333333,0.5600218253968254,0.12083069683732449
103,1,0.985,True,Links_in_tags,0.0,-1.0,0.6963333333333332,0.6813333333333332,0.14218974150509647
104,-1,0.5358412698412698,True,Domain_registeration_length,1.0,-1.0,0.6433253968253969,0.1791666666666668,0.08191004025358892
105,1,0.6901666666666667,True,Links_in_tags,1.0,-1.0,0.51925,0.2094166666666667,0.16018159414664587
106,1,0.8453690476190475,True,Links_in_tags,0.0,-1.0,0.7198333333333333,0.5652023809523808,0.11863373224340547
107,-1,0.965,False,,,,,,
108,-1,1.0,True,Prefix_Suffix,-1.0,1.0,0.56,0.56,0.040910426761671635
109,1,0.995,False,,,,,,
110,1,0.9276666666666666,True,Prefix_Suffix,1.0,-1.0,0.6644878316128313,0.592154498279498,0.36730557114639345
111,1,0.985,True,Request_URL,1.0,-1.0,0.8495,0.8345,0.16577651365647333
112,1,0.9545,True,Links_in_tags,1.0,-1.0,0.5707083333333333,0.5252083333333333,0.25089416908102463
113,1,1.0,False,,,,,,
114,-1,0.8455595238095236,True,Request_URL,-1.0,1.0,0.8870602453102454,0.7326197691197689,0.3025046425309443
115,1,0.745,True,Links_in_tags,1.0,-1.0,0.73375,0.47875,0.18244398390649927
116,-1,1.0,False,,,,,,
117,1,1.0,False,,,,,,
118,-1,0.9009583333333333,True,Links_in_tags,-1.0,1.0,0.8455833333333332,0.7465416666666665,0.253533161519577
119,-1,0.9280833333333333,True,Request_URL,-1.0,1.0,0.5471666666666666,0.47524999999999984,0.17537315479677604
120,1,0.9466666666666665,True,having_Sub_Domain,1.0,-1.0,0.8116666666666668,0.7583333333333333,0.1717380107774922
121,-1,0.9766666666666667,True,Prefix_Suffix,-1.0,1.0,0.5604166666666666,0.5370833333333332,0.04624891333704816
122,1,1.0,False,,,,,,
123,-1,0.975,False,,,,,,
124,-1,0.78325,True,Links_in_tags,-1.0,1.0,0.8841666666666665,0.6674166666666665,0.2665276033764311
125,1,0.995,True,URL_of_Anchor,1.0,-1.0,0.5298055555555556,0.5248055555555556,0.10099963110553449
126,1,0.9280654761904762,True,SFH,1.0,0.0,0.840220238095238,0.7682857142857142,0.14597713385258032
127,1,0.9841666666666665,False,,,,,,
128,-1,0.9475,True,Links_in_tags,-1.0,1.0,0.8395,0.7869999999999999,0.22638808076279301
129,1,0.6474642857142855,True,Links_in_tags,1.0,-1.0,0.9323095238095239,0.5797738095238096,0.29234853771730585
130,1,0.967486111111111,True,Links_in_tags,1.0,-1.0,0.8169990981240981,0.7844852092352091,0.29796370531183186
131,-1,0.5964357864357864,True,Request_URL,-1.0,1.0,1.0,0.5964357864357864,0.29580521509495583
132,1,0.9958333333333332,True,Links_in_tags,0.0,-1.0,0.7902718253968254,0.7861051587301586,0.12374452121124568
133,-1,0.9036666666666666,True,Links_in_tags,-1.0,1.0,0.6949444444444444,0.598611111111111,0.2302625574023746
134,1,0.985,True,Links_in_tags,1.0,-1.0,0.8186242784992785,0.8036242784992785,0.24589996643857925
135,-1,0.8292499999999998,True,Links_in_tags,-1.0,1.0,0.6257307692307692,0.454980769230769,0.23359017489478157
136,1,0.99,False,,,,,,
137,1,0.8675,True,having_Sub_Domain,1.0,0.0,0.9225,0.79,0.1661737204564552
138,1,1.0,False,,,,,,
139,1,1.0,True,Request_URL,1.0,-1.0,0.9313690476190476,0.9313690476190476,0.1700072387506305
140,-1,0.8696904761904761,True,Links_in_tags,-1.0,1.0,0.8486666666666668,0.7183571428571428,0.30583359563568996
141,1,1.0,False,,,,,,
142,1,0.5965,True,Links_in_tags,1.0,-1.0,0.9003333333333333,0.49683333333333335,0.25717582138554074
143,-1,0.995,False,,,,,,
144,1,0.99,True,Links_in_tags,1.0,-1.0,0.9541666666666667,0.9441666666666667,0.3252092435352039
145,1,0.5574642857142856,True,Request_URL,1.0,-1.0,1.0,0.5574642857142856,0.18061515535312178
146,1,0.5153452380952382,True,Links_in_tags,1.0,-1.0,0.8419166666666666,0.357261904761905,0.18863196321999323
147,-1,1.0,True,Prefix_Suffix,-1.0,1.0,0.6308571428571428,0.6308571428571428,0.06422543541009362
148,-1,0.9975,True,Prefix_Suffix,-1.0,1.0,0.74,0.7375,0.05358803821660826
149,1,1.0,False,,,,,,
150,1,0.7928333333333333,True,Links_in_tags,1.0,-1.0,0.9375,0.7303333333333333,0.2654306541906855
151,1,0.9816666666666667,False,,,,,,
152,1,0.7044761904761905,True,Links_in_tags,0.0,-1.0,0.8149285714285717,0.5194047619047623,0.08024639780633402
153,1,1.0,False,,,,,,
154,-1,0.9875,True,Links_in_tags,-1.0,0.0,0.9620833333333333,0.9495833333333333,0.35503970350003466
155,-1,1.0,True,Links_in_tags,-1.0,1.0,0.6064166666666668,0.6064166666666668,0.15164360778807648
156,-1,0.9625,False,,,,,,
157,-1,0.99,False,,,,,,
158,-1,0.975,True,Request_URL,-1.0,1.0,0.9508076923076922,0.9258076923076922,0.3024849879982176
159,-1,1.0,False,,,,,,
160,-1,0.9414285714285714,True,Links_in_tags,-1.0,1.0,0.5135000000000001,0.45492857142857146,0.18218420231501262
161,-1,1.0,True,Links_in_tags,-1.0,1.0,0.6834503968253969,0.6834503968253969,0.18862693727144902
162,1,1.0,True,Links_in_tags,0.0,-1.0,0.7946964285714286,0.7946964285714286,0.14053471896379469
163,-1,0.7129880952380954,True,Links_in_tags,-1.0,1.0,0.6574583333333334,0.3704464285714286,0.19676150304556433
164,1,0.9282142857142857,True,Links_in_tags,1.0,-1.0,0.885,0.8132142857142857,0.32214841097123514
165,1,1.0,True,Request_URL,1.0,-1.0,0.7493730158730161,0.7493730158730161,0.17008551488787138
166,-1,0.7487083333333334,True,Domain_registeration_length,1.0,-1.0,0.8345833333333332,0.5832916666666667,0.1652341365307055
167,1,1.0,False,,,,,,
168,-1,0.7416847403327665,True,Links_in_tags,-1.0,1.0,0.9976666666666667,0.7393514069994332,0.28742844121646965
169,1,0.9047499999999999,True,Prefix_Suffix,1.0,-1.0,0.7315357142857144,0.6362857142857143,0.34366792193087053
170,1,0.9459761904761903,True,Prefix_Suffix,1.0,-1.0,0.6828421717171714,0.6288183621933617,0.37690471498142836
171,-1,1.0,True,Prefix_Suffix,-1.0,1.0,0.57,0.57,0.04437717119033756
172,1,1.0,True,Request_URL,1.0,-1.0,0.5515238095238094,0.5515238095238094,0.14591386332034215
173,-1,1.0,False,,,,,,
174,1,0.995,True,Links_in_tags,1.0,-1.0,0.7688174603174603,0.7638174603174603,0.24013291696944788
175,1,0.965,True,Links_in_tags,1.0,-1.0,0.6317857142857143,0.5967857142857143,0.2443983988344829
176,-1,0.7391666666666665,True,Links_in_tags,-1.0,0.0,0.9325,0.6716666666666667,0.2815456617603993
177,1,1.0,True,Links_in_tags,0.0,-1.0,0.6064556277056278,0.6064556277056278,0.11739979825249817
178,-1,0.995,True,Links_in_tags,-1.0,1.0,0.7156845238095237,0.7106845238095237,0.26426751372594104
179,1,0.626,True,Request_URL,1.0,-1.0,0.975,0.601,0.16530574479990565
180,-1,0.9045833333333334,True,Prefix_Suffix,-1.0,1.0,0.5704166666666667,0.475,0.05327592335343042
181,1,1.0,False,,,,,,
182,1,0.981,False,,,,,,
183,1,0.6718181818181818,True,Request_URL,1.0,-1.0,0.975,0.6468181818181818,0.1812805364318489
184,-1,0.6391666666666667,True,Page_Rank,-1.0,1.0,0.975,0.6141666666666665,0.05496096745949329
185,-1,0.6638333333333333,True,Prefix_Suffix,-1.0,1.0,0.8457222222222223,0.5095555555555557,0.057728333854776125
186,1,0.9498809523809523,True,Links_in_tags,1.0,0.0,0.7493730158730159,0.6992539682539682,0.32426749023140805
187,-1,0.9492916666666668,False,,,,,,
188,1,0.9127916666666667,True,Request_URL,1.0,-1.0,0.93,0.8427916666666667,0.13415464277274056
189,1,1.0,True,Links_in_tags,0.0,-1.0,0.8110602453102453,0.8110602453102453,0.12761016899304975
190,-1,0.6387480158730161,True,Links_in_tags,-1.0,1.0,0.9041666666666667,0.5429146825396828,0.24694795641760212
191,1,1.0,False,,,,,,
192,1,1.0,True,Links_in_tags,1.0,-1.0,0.7215,0.7215,0.24442341430749098
193,-1,0.9983333333333333,True,Links_in_tags,-1.0,1.0,0.8764166666666665,0.8747499999999998,0.3108652115641404
194,-1,1.0,False,,,,,,
195,1,0.995,True,Request_URL,1.0,-1.0,0.8254761904761905,0.8204761904761905,0.16728688688847698
196,-1,0.9978571428571429,True,Request_URL,-1.0,1.0,0.78875,0.7866071428571428,0.23541222991436084
197,1,1.0,True,Prefix_Suffix,1.0,-1.0,1.0,1.0,0.42766100846484073
198,1,0.9975,False,,,,,,
199,1,1.0,True,Links_in_tags,1.0,-1.0,0.7555133477633477,0.7555133477633477,0.24363730584826723
200,-1,0.97,False,,,,,,
201,1,1.0,False,,,,,,
202,-1,1.0,False,,,,,,
203,1,0.9821785714285715,True,Prefix_Suffix,1.0,-1.0,0.5806805555555555,0.5628591269841271,0.3232051531246554
204,1,1.0,False,,,,,,
205,-1,0.99625,True,Links_in_tags,-1.0,0.0,1.0,0.99625,0.36308754618936234
206,-1,0.7712579365079364,True,Prefix_Suffix,-1.0,1.0,0.6780753968253969,0.44933333333333325,0.04821882425587959
207,-1,1.0,False,,,,,,
208,1,1.0,True,Request_URL,1.0,-1.0,0.8783571428571428,0.8783571428571428,0.1956927815790352
209,1,0.8208333333333333,True,Links_in_tags,0.0,-1.0,0.6405,0.4613333333333334,0.08602992193799792
210,-1,0.5907222222222221,True,Prefix_Suffix,-1.0,1.0,0.67425,0.26497222222222216,0.04049880783038655
211,-1,0.9773076923076922,True,Request_URL,-1.0,1.0,0.7011011904761905,0.6784088827838827,0.23855427956904443
212,-1,0.55,True,Domain_registeration_length,1.0,-1.0,0.745,0.29500000000000004,0.08586454673766669
213,1,0.7960961538461536,True,Links_in_tags,0.0,-1.0,0.8881570512820514,0.684253205128205,0.11740282783176662
214,1,0.9646666666666667,True,Links_in_tags,0.0,-1.0,0.74925,0.7139166666666666,0.11209232426596302
215,1,0.833,True,Prefix_Suffix,1.0,-1.0,0.5971904761904763,0.43019047619047623,0.30255983012603543
216,-1,1.0,False,,,,,,
217,-1,0.9280833333333333,True,Request_URL,-1.0,1.0,0.5471666666666666,0.47524999999999984,0.17537315479677604
218,1,1.0,False,,,,,,
219,1,0.9541666666666666,True,Links_in_tags,1.0,-1.0,0.7491845238095238,0.7033511904761904,0.25408808637594527
220,1,0.995,False,,,,,,
221,-1,0.9373928571428571,True,Links_in_tags,-1.0,1.0,0.7929166666666666,0.7303095238095237,0.25900391797559036
222,1,0.5557043650793652,True,Request_URL,1.0,-1.0,1.0,0.5557043650793652,0.16793919026159124
223,-1,1.0,False,,,,,,
224,-1,0.995,True,Prefix_Suffix,-1.0,1.0,0.88,0.875,0.07267578086106102
225,-1,0.8595238095238095,True,Prefix_Suffix,-1.0,1.0,0.5957142857142856,0.455238095238095,0.04793945060084598
226,1,0.985,True,Links_in_tags,1.0,-1.0,0.7473809523809523,0.7323809523809522,0.21165669797715572
227,-1,0.8254166666666667,True,URL_of_Anchor,-1.0,0.0,0.6423154761904764,0.46773214285714304,0.13088827350468366
228,1,1.0,True,Links_in_tags,1.0,-1.0,0.7104087301587303,0.7104087301587303,0.24115634744278605
229,-1,0.677,True,having_Sub_Domain,-1.0,1.0,0.6425,0.3195,0.12068526450672094
230,-1,1.0,False,,,,,,
231,1,1.0,False,,,,,,
232,-1,0.94,True,Prefix_Suffix,-1.0,1.0,0.6748333333333332,0.614833333333333,0.05900747516815836
233,-1,0.995,False,,,,,,
234,-1,0.9740909090909091,True,Prefix_Suffix,-1.0,1.0,0.5424126984126985,0.5165036075036076,0.055224254968322985
235,-1,0.7162857142857143,True,Links_in_tags,-1.0,1.0,0.7533333333333333,0.4696190476190475,0.20927434454207333
236,1,0.995,False,,,,,,
237,-1,0.9983333333333334,True,Prefix_Suffix,-1.0,1.0,0.695,0.6933333333333334,0.05793126242111647
238,-1,0.7736726190476189,True,Links_in_tags,-1.0,0.0,0.9798333333333334,0.7535059523809525,0.2582205960165033
239,-1,0.6078335137085137,True,Links_in_tags,-1.0,1.0,0.9944444444444445,0.6022779581529581,0.28105114911229123
240,1,1.0,False,,,,,,
241,-1,1.0,False,,,,,,
242,1,1.0,True,Links_in_tags,1.0,-1.0,0.7104087301587302,0.7104087301587302,0.24115634744278605
243,1,0.890047619047619,False,,,,,,
244,1,0.9469821428571429,True,Request_URL,1.0,-1.0,0.6304166666666666,0.5773988095238095,0.14139759499419777
245,1,1.0,False,,,,,,
246,-1,0.8558749999999999,True,having_Sub_Domain,-1.0,1.0,0.99,0.8458749999999997,0.2236883588173672
247,-1,0.9325,True,Links_in_tags,-1.0,1.0,0.5397500000000001,0.47225000000000006,0.18913583612983453
248,-1,1.0,True,Prefix_Suffix,-1.0,1.0,0.5385,0.5385,0.04310239329569066
249,-1,0.98,True,Links_in_tags,-1.0,1.0,0.5920000000000001,0.5720000000000001,0.2620158545685716
250,-1,0.9733333333333334,True,Request_URL,-1.0,1.0,0.6780238095238095,0.6513571428571429,0.2816819738960098
251,1,1.0,False,,,,,,
252,-1,0.9975,False,,,,,,
253,1,0.6681944444444443,True,Request_URL,1.0,-1.0,0.982,0.650194444444444,0.21791306935107335
254,-1,1.0,False,,,,,,
255,1,1.0,False,,,,,,
256,-1,0.994375,True,Links_in_tags,-1.0,0.0,0.7308333333333333,0.7252083333333333,0.29789471831304387
257,-1,0.8935833333333334,True,Prefix_Suffix,-1.0,1.0,0.836952380952381,0.7305357142857144,0.068372122518313
258,1,0.97,True,Links_in_tags,1.0,-1.0,0.6218988095238096,0.5918988095238096,0.2567403267104187
259,1,0.965,True,Links_in_tags,1.0,-1.0,0.6317857142857143,0.5967857142857143,0.2443983988344829
260,1,0.93375,True,Links_in_tags,0.0,-1.0,0.82675,0.7605,0.15579962229834735
261,-1,0.9273333333333333,True,Request_URL,-1.0,1.0,0.6446904761904761,0.5720238095238094,0.18191422363611437
262,-1,1.0,False,,,,,,
263,-1,0.6390773809523808,True,Prefix_Suffix,-1.0,1.0,0.7842738095238095,0.4233511904761903,0.056535281910864085
264,-1,0.8800000000000001,True,Links_in_tags,-1.0,1.0,0.6388980537436422,0.5188980537436423,0.24790032385335262
265,-1,0.8977619047619048,True,having_Sub_Domain,0.0,1.0,0.7545000000000001,0.652261904761905,0.04873904845059205
266,1,0.9047499999999999,True,Prefix_Suffix,1.0,-1.0,0.7315357142857144,0.6362857142857143,0.34366792193087053
267,1,0.99,True,Links_in_tags,1.0,-1.0,0.6936190476190477,0.6836190476190477,0.2545229846371596
268,1,1.0,False,,,,,,
269,1,0.7505784632034636,True,URL_of_Anchor,1.0,-1.0,0.549845238095238,0.3004237012987011,0.08475334117827713
270,-1,0.7198611111111112,True,having_Sub_Domain,-1.0,1.0,0.8215945512820513,0.5414556623931625,0.19112729635324657
271,-1,0.7544940476190477,True,Prefix_Suffix,-1.0,1.0,0.924,0.6784940476190477,0.0721691225612602
272,1,1.0,False,,,,,,
273,1,0.995,False,,,,,,
274,-1,0.9983333333333333,True,Links_in_tags,-1.0,1.0,0.8764166666666665,0.8747499999999998,0.3108652115641404
275,-1,0.6700833333333333,True,Links_in_tags,-1.0,1.0,0.8412619047619049,0.5113452380952381,0.2536070906498444
276,1,0.9940000000000001,True,Request_URL,1.0,-1.0,0.5521904761904762,0.5461904761904763,0.14461180989339145
277,-1,0.995,False,,,,,,
278,1,0.97,True,Links_in_tags,1.0,-1.0,0.7308333333333333,0.7008333333333333,0.22253593187262125
279,-1,0.8464166666666665,True,Links_in_tags,-1.0,1.0,0.8183333333333335,0.6647500000000002,0.2903001216844305
280,1,1.0,False,,,,,,
281,1,1.0,False,,,,,,
282,-1,0.9794047619047619,True,Links_in_tags,-1.0,1.0,0.7117678571428572,0.6911726190476191,0.28877184318401994
283,-1,0.995,True,Request_URL,-1.0,1.0,0.6285753968253968,0.6235753968253968,0.23351308557746603
284,-1,0.99,True,Prefix_Suffix,-1.0,1.0,0.5435,0.5335,0.044559305216867885
285,1,0.5871428571428572,True,Links_in_tags,1.0,-1.0,0.779797619047619,0.3669404761904761,0.22252009088251196
286,1,1.0,False,,,,,,
287,-1,0.645970238095238,True,Prefix_Suffix,-1.0,1.0,0.7901803196803199,0.4361505577755579,0.05476722976100298
288,1,1.0,False,,,,,,
289,-1,1.0,False,,,,,,
290,1,0.6663333333333332,True,Links_in_tags,1.0,-1.0,0.885,0.5513333333333332,0.24254369841949264
291,-1,0.7420833333333334,True,Links_in_tags,-1.0,0.0,0.7440000000000001,0.48608333333333353,0.25694401501224795
292,1,1.0,True,Request_URL,1.0,-1.0,0.685476769081451,0.685476769081451,0.1606631363054438
293,1,0.991,True,Links_in_tags,1.0,-1.0,0.7494285714285712,0.7404285714285712,0.24384545341789696
294,-1,0.540214285714286,True,Prefix_Suffix,-1.0,1.0,0.92,0.4602142857142858,0.05762643969474196
295,-1,0.5231666666666667,True,having_Sub_Domain,-1.0,1.0,0.91,0.4331666666666667,0.15071194610760597
296,1,0.6327857142857141,True,Links_in_tags,1.0,-1.0,0.9120833333333332,0.5448690476190473,0.29251402314302294
297,1,0.8328719336219333,True,URL_Length,1.0,-1.0,0.7503045979412671,0.5831765315632006,0.07930204986409307
298,1,1.0,True,Prefix_Suffix,1.0,-1.0,0.9310833333333334,0.9310833333333334,0.4218746883673297
299,1,1.0,False,,,,,,
