Feature,SHAP_Importance,Occlusion_Impact,Rank_SHAP,Rank_Occlusion
SSLfinal_State,0.1900591835228045,0.07118178853553854,1.0,1.0
URL_of_Anchor,0.14986880587718363,0.060817920852295856,2.0,2.0
web_traffic,0.055289714865138596,0.020147099382099385,3.0,6.0
having_Sub_Domain,0.04991297693660563,0.03718073337080303,4.0,3.0
Links_in_tags,0.047307477660636414,0.02627121487430698,5.0,4.0
Prefix_Suffix,0.046662728600077905,0.010299257411978005,6.0,11.0
SFH,0.024493057465358296,0.00678755087505088,7.0,15.0
Request_URL,0.01843797512909018,0.02035557344344109,8.0,5.0
Links_pointing_to_page,0.01558383584012959,0.01757679676260559,9.0,8.0
Google_Index,0.015238630346954512,0.005594818422318424,10.0,17.0
Domain_registeration_length,0.01398333809608716,0.0136225037000037,11.0,9.0
having_IP_Address,0.013552037830977014,0.008793135244385249,12.0,12.0
DNSRecord,0.01141783938804631,0.013459767673775028,13.0,10.0
age_of_domain,0.009327256368107766,0.018682079770862666,14.0,7.0
Page_Rank,0.006709646856444114,0.007442221528471533,15.0,14.0
Shortining_Service,0.00557848994176315,0.00828823412698413,16.0,13.0
Redirect,0.00408603715682307,0.0035136111111111136,17.0,22.0
URL_Length,0.0035609507103022678,0.004170456349206356,18.0,20.0
HTTPS_token,0.003470728861642058,0.006529976551226555,19.0,16.0
Statistical_report,0.00345000968909672,0.0011655555555555592,20.0,27.0
Abnormal_URL,0.003385352621274958,0.004641388888888893,21.0,19.0
having_At_Symbol,0.002851903932990544,0.0011902777777777825,22.0,26.0
double_slash_redirecting,0.002172024313861234,0.005252696608946614,23.0,18.0
popUpWidnow,0.0021465180442961887,0.00287949735449736,24.0,23.0
Favicon,0.0018701157191658088,0.0036498412698412726,25.0,21.0
Submitting_to_email,0.0015499054221970497,0.0014622222222222274,26.0,24.0
on_mouseover,0.0011959410560346826,0.0010930555555555591,27.0,28.0
port,0.0011387188885791145,0.001191666666666671,28.0,25.0
Iframe,0.000995387165562349,0.0008041666666666695,29.0,29.0
RightClick,0.00040637683516537497,0.00046666666666667225,30.0,30.0
