Feature,Normal_V2,Randomized_Model,Normal_Rank,Randomized_Rank
having_IP_Address,0.004774774978714159,0.011121220980637392,14.0,14.0
URL_Length,0.0071888449046509295,0.00820359460808454,12.0,17.0
Shortining_Service,0.0030009481323846772,0.0032933238955294825,20.0,27.0
having_At_Symbol,0.0024677227649036564,0.008292119037624088,23.0,16.0
double_slash_redirecting,0.003726684420824978,0.003772726902451436,17.0,23.0
Prefix_Suffix,0.06936244489295211,0.008325677169257988,5.0,15.0
having_Sub_Domain,0.07339108515049676,0.02070502657606294,4.0,2.0
SSLfinal_State,0.07364522839492094,0.01772166422231528,3.0,3.0
Domain_registeration_length,0.027620695437555038,0.015041733592834958,8.0,7.0
Favicon,0.0025942623145744225,0.003448234501010282,21.0,25.0
port,0.0013031795335450179,0.003400105200015291,29.0,26.0
HTTPS_token,0.0021985849136205945,0.004654210278227617,24.0,20.0
Request_URL,0.13315817128905955,0.013388304923673114,2.0,9.0
URL_of_Anchor,0.05626894505302784,0.017076806780151953,6.0,5.0
Links_in_tags,0.15623806990030362,0.02119213985360543,1.0,1.0
SFH,0.011854972823664923,0.011434934498487023,9.0,12.0
Submitting_to_email,0.0021187864335129236,0.004001856544229254,25.0,21.0
Abnormal_URL,0.0020767897483898795,0.003996473621814697,26.0,22.0
Redirect,0.0031774173695695465,0.006306319444452579,19.0,19.0
on_mouseover,0.0017080550668353623,0.0028670753708142016,28.0,28.0
RightClick,0.0007163595274235234,0.0017138770213040958,30.0,30.0
popUpWidnow,0.0024791633613512553,0.0037489787848624177,22.0,24.0
Iframe,0.0017677100585630119,0.0024244992081303867,27.0,29.0
age_of_domain,0.011112846928173287,0.016309000467997353,10.0,6.0
DNSRecord,0.0041480635998831505,0.014807831267596081,16.0,8.0
web_traffic,0.05333080044125563,0.01769187827292475,7.0,4.0
Page_Rank,0.005890438338294352,0.01121562110156409,13.0,13.0
Google_Index,0.0044449535135751795,0.011940094146776754,15.0,11.0
Links_pointing_to_page,0.00730343780730052,0.01332290955842096,11.0,10.0
Statistical_report,0.003605187460439539,0.006692329753130759,18.0,18.0
