Feature,SHAP_Importance,LIME_Importance
SSLfinal_State,0.1826982634337142,0.33337139795905424
URL_of_Anchor,0.1433274310476769,0.24017284846052467
web_traffic,0.05711264426562645,0.07585005699573748
Prefix_Suffix,0.05083603987753796,0.2765846075764821
having_Sub_Domain,0.04962943764684668,0.07040779074681595
Links_in_tags,0.047849834943288504,0.08027711661678089
SFH,0.024922237765305447,0.07493016050890468
Request_URL,0.018188465708462283,0.041025310559289825
Links_pointing_to_page,0.01661171896073454,0.0398534222140097
Domain_registeration_length,0.014127450123989003,0.03264384053585479
having_IP_Address,0.013997454701442496,0.042380753073145226
Google_Index,0.012637724414581568,0.0631358836384945
DNSRecord,0.012253652984386378,0.029305703052412233
age_of_domain,0.009667409292184164,0.021642645157942373
Page_Rank,0.0064590118080680315,0.02609686869088176
Shortining_Service,0.004296857560489615,0.03167409162610718
URL_Length,0.004283852981673137,0.028928334602539647
Redirect,0.0040600758359667045,0.03199926352403271
HTTPS_token,0.0037737421353536554,0.026624430255594828
Statistical_report,0.003228107355740234,0.03269137290951722
Abnormal_URL,0.0028566433452487483,0.027555301532394907
having_At_Symbol,0.0027598869110603635,0.025809600675644844
double_slash_redirecting,0.0022826595850508322,0.034103680635997
Favicon,0.0021695989848343304,0.03001544112248356
popUpWidnow,0.002008220338043911,0.025304768032037406
Submitting_to_email,0.0015181274050656693,0.0259384025557287
port,0.0009799324881105934,0.026162999216934563
on_mouseover,0.0009709095856644354,0.029731515391723078
Iframe,0.0009391077299791459,0.03077934895242457
RightClick,0.00032706657713115205,0.03776190984407049
